-- phpMyAdmin SQL Dump
-- version 5.2.1
-- https://www.phpmyadmin.net/
--
-- Host: localhost
-- Generation Time: Dec 26, 2025 at 02:11 PM
-- Server version: 10.5.4-MariaDB
-- PHP Version: 8.3.12

SET SQL_MODE = "NO_AUTO_VALUE_ON_ZERO";
START TRANSACTION;
SET time_zone = "+00:00";


/*!40101 SET @OLD_CHARACTER_SET_CLIENT=@@CHARACTER_SET_CLIENT */;
/*!40101 SET @OLD_CHARACTER_SET_RESULTS=@@CHARACTER_SET_RESULTS */;
/*!40101 SET @OLD_COLLATION_CONNECTION=@@COLLATION_CONNECTION */;
/*!40101 SET NAMES utf8mb4 */;

--
-- Database: `hr_evaluation_pro`
--

-- --------------------------------------------------------

--
-- Table structure for table `comments`
--

CREATE TABLE `comments` (
  `id` int(11) NOT NULL,
  `evaluator_internal_id` varchar(50) NOT NULL,
  `target_internal_id` varchar(50) NOT NULL,
  `comment` text DEFAULT NULL,
  `created_at` timestamp NULL DEFAULT current_timestamp(),
  `updated_at` timestamp NULL DEFAULT current_timestamp() ON UPDATE current_timestamp()
) ENGINE=InnoDB DEFAULT CHARSET=utf8mb4;

--
-- Dumping data for table `comments`
--

INSERT INTO `comments` (`id`, `evaluator_internal_id`, `target_internal_id`, `comment`, `created_at`, `updated_at`) VALUES
(1, 'U_29', 'U_21', 'test 01', '2025-12-23 07:34:06', '2025-12-23 07:34:10'),
(12, 'U_29', 'U_19', 'test 01', '2025-12-23 07:34:44', '2025-12-23 07:34:48'),
(21, 'U_29', 'U_48', 'test 01', '2025-12-23 07:35:30', '2025-12-23 07:35:32'),
(28, 'U_29', 'U_62', 'test01', '2025-12-23 07:36:01', '2025-12-23 07:36:04'),
(36, 'U_21', 'U_58', 'มีความรู้ความสามารถดี', '2025-12-25 06:36:01', '2025-12-25 06:36:14'),
(93, 'U_26', 'U_47', 'หกดอว่พนเยทำหวนกาดแ๐\"ฐโฎ?ฉซษศฆฏฌฑ', '2025-12-25 08:28:15', '2025-12-25 08:28:17'),
(126, 'U_21', 'U_47', 'ทรายทดสอบ', '2025-12-25 08:28:52', '2025-12-25 08:28:58'),
(153, 'U_21', 'U_22', 'ทรายเทส', '2025-12-25 08:31:09', '2025-12-25 08:31:19'),
(168, 'U_23', 'U_22', 'ตั้งเทส', '2025-12-25 08:32:07', '2025-12-25 08:32:08');

-- --------------------------------------------------------

--
-- Table structure for table `criteria`
--

CREATE TABLE `criteria` (
  `id` varchar(20) NOT NULL,
  `text` text NOT NULL,
  `category` varchar(20) NOT NULL,
  `weight` int(11) NOT NULL DEFAULT 0,
  `description` text DEFAULT NULL,
  `role_group` varchar(50) DEFAULT NULL
) ENGINE=InnoDB DEFAULT CHARSET=utf8mb4;

--
-- Dumping data for table `criteria`
--

INSERT INTO `criteria` (`id`, `text`, `category`, `weight`, `description`, `role_group`) VALUES
('1.1', 'ปริมาณผลงาน (Quantity)', 'PERF', 20, 'พิจารณาจากจำนวนปริมาณงานที่ปฏิบัติได้เทียบกับเป้าหมาย หรือภาระงานที่ได้รับมอบหมายในความรับผิดชอบ', NULL),
('1.2', 'คุณภาพผลงาน (Quality)', 'PERF', 20, 'ความถูกต้อง ความครบถ้วน ความเป็นระเบียบเรียบร้อย ความคุ้มค่า และการลดความสูญเสีย/ข้อผิดพลาด', NULL),
('1.3', 'ความทันเวลา (Timeliness)', 'PERF', 20, 'ความสามารถในการปฏิบัติงานให้เสร็จตามกำหนดงาน', NULL),
('1.4', 'ผลสัมฤทธิ์ของงาน (Achievement)', 'PERF', 20, 'พิจารณาจากผลผลิตหรือผลลัพท์ของผลงานเปรียบเทียบกับเป้าหมายหรือวัตถุประสงค์ของงานที่มุ่งหวัง', NULL),
('1.5', 'ความรับผิดชอบ (Responsibility)', 'PERF', 20, 'ความรับผิดชอบต่อหน้าที่ที่ได้รับมอบหมาย ความทุ่มเทมุ่งมั่นเพื่อให้งานสำเร็จ', NULL),
('2.1', 'ความสามารถในการปฏิบัติงาน', 'CHAR', 20, 'ความรู้ ความเข้าใจในระเบียบ ข้อบังคับ และขั้นตอนการปฏิบัติงานในหน้าที่ของตนเอง', NULL),
('2.1-E', 'การกำหนดเป้าหมายการทำงาน', 'EXEC', 20, 'ความสามารถในการวางแผนงาน กำหนดทิศทาง และเป้าหมายการทำงาน', NULL),
('2.10-E', 'การเป็นผู้สอนงาน (Coaching)', 'EXEC', 10, 'ความสามารถในการสอนงาน ให้คำแนะนำ และถ่ายทอดประสบการณ์เพื่อสอนงานที่มีประสิทธิภาพให้ลูกน้อง', NULL),
('2.11-E', 'การแก้ปัญหาสถานการณ์เฉพาะหน้า', 'EXEC', 20, 'ความสามารถในการตัดสินใจแก้ไขปัญหาที่เกิดขึ้นอย่างกะทันหันได้อย่างถูกต้องและเหมาะสม ', NULL),
('2.12-E', 'การมีส่วนร่วมในกิจกรรมสหกรณ์', 'EXEC', 10, 'การเป็นผู้นำในการเข้าร่วมกิจกรรมของสหกรณ์ฯ ', NULL),
('2.13-E', 'การให้บริการด้วยจิตบริการ (Service Mind)', 'EXEC', 10, 'ความแสดงภาพลักษณ์ที่ดีในการให้บริการ และการสนับสนุนวัฒนธรรมการบริการในส่วนงาน', NULL),
('2.2', 'การแก้ไขปัญหาสถานการณ์เฉพาะหน้า', 'CHAR', 20, 'ความสามารถในการตัดสินใจแก้ไขปัญหาที่เกิดขึ้นอย่างกะทันหันได้อย่างถูกต้องและเหมาะสม', NULL),
('2.2-E', 'ทักษะการสื่อสาร', 'EXEC', 20, 'ความสามารถในการอธิบายและสื่อความต้องการได้อย่างเหมาะสม มีความกระชับ ตรงประเด็น ', NULL),
('2.3', 'การเรียนรู้และพัฒนาปรับปรุงงาน', 'CHAR', 20, 'ความพยายามในการเรียนรู้งานที่รับผิดชอบ รู้จักหาความรู้และนำมาปรับปรุงกระบวนการทำงานให้ดีขึ้น', NULL),
('2.3-E', 'ความคิดริเริ่มสร้างสรรค์', 'EXEC', 20, 'มีการเสนอวิธีการทำงานใหม่ๆ เพื่อลดขั้นตอนการทำงาน/พัฒนางาน เพื่อประโยชน์ต่อสหกรณ์', NULL),
('2.4', 'ความคิดริเริ่มสร้างสรรค์', 'CHAR', 10, 'การเสนอแนะแนวคิดใหม่ๆ หรือวิธีทำงานรูปแบบใหม่ที่เป็นประโยชน์ต่อส่วนงาน', NULL),
('2.4-E', 'ความสามารถในการตัดสินใจ', 'EXEC', 20, 'ความกล้าหาญและรอบคอบในการตัดสินใจในเรื่องสำคัญๆ โดยคำนึงถึงประโยชน์สูงสุดของส่วนรวม', NULL),
('2.5', 'การรักษาวินัย/มารยาท', 'CHAR', 10, 'การปฏิบัติตามระเบียบวินัย การแต่งกาย การมาทำงานตรงเวลา และกิริยามารยาทต่อเพื่อนร่วมงาน', NULL),
('2.5-E', 'ทักษะในการฟังและรับความคิดเห็น', 'EXEC', 10, 'รับฟังความคิดเห็นผู้อื่นอย่างเป็นกลาง มีวิธีการโต้ตอบที่เหมาะสม ให้ความคิดเห็นที่เป็นประโยชน์ต่อผู้ร่วมสนทนา', NULL),
('2.6', 'การให้ความร่วมมือ/ประสานงาน', 'CHAR', 10, 'การทำงานร่วมกับผู้อื่นได้อย่างราบรื่น การช่วยเหลือเพื่อนร่วมงาน และการประสานงานข้ามส่วนงาน', NULL),
('2.6-E', 'ความสามารถในการแก้ปัญหาความขัดแย้ง', 'EXEC', 20, 'เป็นผู้ประสานความร่วมมือและลดความขัดแย้งที่ดี ไกล่เกลี่ยข้อพิพาทหรือปัญหาที่เกิดขึ้นได้อย่างเหมาะสม ', NULL),
('2.7', 'มนุษยสัมพันธ์/ทัศนคติที่ดีต่อองค์กร', 'CHAR', 10, 'การมีทัศนคติเชิงบวกต่อสหกรณ์ฯ การแสดงออกที่เป็นมิตร และความจงรักภักดีต่อองค์กร', NULL),
('2.7-E', 'การมอบหมายงาน', 'EXEC', 20, 'สามารถมอบหมายอำนาจ หน้าที่และความรับผิดชอบให้กับผู้อื่นได้อย่างเหมาะสมตามศักยภาพของผู้รับมอบ', NULL),
('2.8', 'การมีส่วนร่วมในกิจกรรมสหกรณ์', 'CHAR', 10, 'การเข้าร่วมกิจกรรมที่สหกรณ์ฯ จัดขึ้น เช่น งานสวัสดิการ งานอาสา หรือกิจกรรมสัมพันธ์ต่างๆ', NULL),
('2.8-E', 'การเป็นผู้สนับสนุนและสร้างทีมงาน', 'EXEC', 10, 'ให้การสนับสนุนเครื่องมือและทรัพยากร รวมถึงการสร้างบรรยากาศการทำงานที่ดีเป็นทีม', NULL),
('2.9', 'การให้บริการด้วยจิตบริการ (Service Mind)', 'CHAR', 10, 'ความเต็มใจในการให้บริการสมาชิกด้วยความยิ้มแย้ม แจ่มใส และความสุภาพเรียบร้อย', NULL),
('2.9-E', 'การเรียนรู้และพัฒนาตนเองอย่างต่อเนื่อง', 'EXEC', 10, 'เป็นผู้ขวนขวายหาความรู้อยู่เสมอ เปิดกว้างในสิ่งใหม่ๆ พร้อมรับการเปลี่ยนแปลง และพัฒนาศักยภาพอยู่เสมอ', NULL);

-- --------------------------------------------------------

--
-- Table structure for table `evaluations`
--

CREATE TABLE `evaluations` (
  `id` int(11) NOT NULL,
  `evaluator_internal_id` varchar(50) NOT NULL,
  `target_internal_id` varchar(50) NOT NULL,
  `criteria_id` varchar(20) NOT NULL,
  `score` int(11) NOT NULL,
  `created_at` timestamp NULL DEFAULT current_timestamp(),
  `updated_at` timestamp NULL DEFAULT current_timestamp() ON UPDATE current_timestamp()
) ENGINE=InnoDB DEFAULT CHARSET=utf8mb4;

--
-- Dumping data for table `evaluations`
--

INSERT INTO `evaluations` (`id`, `evaluator_internal_id`, `target_internal_id`, `criteria_id`, `score`, `created_at`, `updated_at`) VALUES
(1, 'U_29', 'U_21', '1.1', 4, '2025-12-23 07:33:41', '2025-12-23 07:33:41'),
(2, 'U_29', 'U_21', '1.2', 3, '2025-12-23 07:33:42', '2025-12-23 07:33:42'),
(3, 'U_29', 'U_21', '1.3', 2, '2025-12-23 07:33:43', '2025-12-23 07:33:43'),
(4, 'U_29', 'U_21', '1.4', 1, '2025-12-23 07:33:44', '2025-12-23 07:33:44'),
(5, 'U_29', 'U_21', '1.5', 2, '2025-12-23 07:33:45', '2025-12-23 07:33:45'),
(6, 'U_29', 'U_21', '2.1-E', 3, '2025-12-23 07:33:47', '2025-12-23 07:33:47'),
(7, 'U_29', 'U_21', '2.10-E', 4, '2025-12-23 07:33:49', '2025-12-23 07:33:49'),
(8, 'U_29', 'U_21', '2.11-E', 3, '2025-12-23 07:33:50', '2025-12-23 07:33:50'),
(9, 'U_29', 'U_21', '2.12-E', 2, '2025-12-23 07:33:51', '2025-12-23 07:33:51'),
(10, 'U_29', 'U_21', '2.13-E', 1, '2025-12-23 07:33:52', '2025-12-23 07:33:52'),
(11, 'U_29', 'U_21', '2.2-E', 2, '2025-12-23 07:33:54', '2025-12-23 07:33:54'),
(12, 'U_29', 'U_21', '2.3-E', 3, '2025-12-23 07:33:55', '2025-12-23 07:33:55'),
(13, 'U_29', 'U_21', '2.4-E', 4, '2025-12-23 07:33:57', '2025-12-23 07:33:57'),
(14, 'U_29', 'U_21', '2.5-E', 3, '2025-12-23 07:33:57', '2025-12-23 07:33:57'),
(15, 'U_29', 'U_21', '2.6-E', 2, '2025-12-23 07:33:58', '2025-12-23 07:33:58'),
(16, 'U_29', 'U_21', '2.7-E', 1, '2025-12-23 07:34:00', '2025-12-23 07:34:00'),
(17, 'U_29', 'U_21', '2.8-E', 2, '2025-12-23 07:34:02', '2025-12-23 07:34:02'),
(18, 'U_29', 'U_21', '2.9-E', 3, '2025-12-23 07:34:03', '2025-12-23 07:34:03'),
(19, 'U_29', 'U_19', '1.1', 3, '2025-12-23 07:34:21', '2025-12-23 07:34:21'),
(20, 'U_29', 'U_19', '1.2', 2, '2025-12-23 07:34:22', '2025-12-23 07:34:22'),
(21, 'U_29', 'U_19', '1.3', 1, '2025-12-23 07:34:23', '2025-12-23 07:34:23'),
(22, 'U_29', 'U_19', '1.4', 2, '2025-12-23 07:34:24', '2025-12-23 07:34:24'),
(23, 'U_29', 'U_19', '1.5', 3, '2025-12-23 07:34:25', '2025-12-23 07:34:25'),
(24, 'U_29', 'U_19', '2.1-E', 4, '2025-12-23 07:34:26', '2025-12-23 07:34:26'),
(25, 'U_29', 'U_19', '2.10-E', 3, '2025-12-23 07:34:27', '2025-12-23 07:34:27'),
(26, 'U_29', 'U_19', '2.11-E', 2, '2025-12-23 07:34:28', '2025-12-23 07:34:28'),
(27, 'U_29', 'U_19', '2.12-E', 1, '2025-12-23 07:34:29', '2025-12-23 07:34:29'),
(28, 'U_29', 'U_19', '2.13-E', 2, '2025-12-23 07:34:31', '2025-12-23 07:34:31'),
(29, 'U_29', 'U_19', '2.2-E', 3, '2025-12-23 07:34:32', '2025-12-23 07:34:32'),
(30, 'U_29', 'U_19', '2.3-E', 4, '2025-12-23 07:34:34', '2025-12-23 07:34:34'),
(31, 'U_29', 'U_19', '2.4-E', 3, '2025-12-23 07:34:35', '2025-12-23 07:34:35'),
(32, 'U_29', 'U_19', '2.5-E', 2, '2025-12-23 07:34:36', '2025-12-23 07:34:36'),
(33, 'U_29', 'U_19', '2.6-E', 1, '2025-12-23 07:34:37', '2025-12-23 07:34:37'),
(34, 'U_29', 'U_19', '2.7-E', 2, '2025-12-23 07:34:39', '2025-12-23 07:34:39'),
(35, 'U_29', 'U_19', '2.8-E', 3, '2025-12-23 07:34:40', '2025-12-23 07:34:40'),
(36, 'U_29', 'U_19', '2.9-E', 4, '2025-12-23 07:34:41', '2025-12-23 07:34:41'),
(37, 'U_29', 'U_48', '1.1', 1, '2025-12-23 07:34:56', '2025-12-23 07:34:56'),
(38, 'U_29', 'U_48', '1.2', 3, '2025-12-23 07:35:00', '2025-12-23 07:35:00'),
(39, 'U_29', 'U_48', '1.3', 2, '2025-12-23 07:35:03', '2025-12-23 07:35:03'),
(40, 'U_29', 'U_48', '1.4', 4, '2025-12-23 07:35:04', '2025-12-23 07:35:04'),
(41, 'U_29', 'U_48', '1.5', 1, '2025-12-23 07:35:12', '2025-12-23 07:35:12'),
(42, 'U_29', 'U_48', '2.1', 3, '2025-12-23 07:35:13', '2025-12-23 07:35:13'),
(43, 'U_29', 'U_48', '2.2', 2, '2025-12-23 07:35:14', '2025-12-23 07:35:14'),
(44, 'U_29', 'U_48', '2.3', 4, '2025-12-23 07:35:15', '2025-12-23 07:35:15'),
(45, 'U_29', 'U_48', '2.4', 1, '2025-12-23 07:35:17', '2025-12-23 07:35:17'),
(46, 'U_29', 'U_48', '2.5', 3, '2025-12-23 07:35:18', '2025-12-23 07:35:18'),
(47, 'U_29', 'U_48', '2.6', 2, '2025-12-23 07:35:23', '2025-12-23 07:35:23'),
(48, 'U_29', 'U_48', '2.7', 4, '2025-12-23 07:35:24', '2025-12-23 07:35:24'),
(49, 'U_29', 'U_48', '2.8', 1, '2025-12-23 07:35:27', '2025-12-23 07:35:27'),
(50, 'U_29', 'U_48', '2.9', 3, '2025-12-23 07:35:28', '2025-12-23 07:35:28'),
(51, 'U_29', 'U_62', '1.1', 1, '2025-12-23 07:35:44', '2025-12-23 07:35:44'),
(52, 'U_29', 'U_62', '1.2', 4, '2025-12-23 07:35:45', '2025-12-23 07:35:45'),
(53, 'U_29', 'U_62', '1.3', 1, '2025-12-23 07:35:46', '2025-12-23 07:35:46'),
(54, 'U_29', 'U_62', '1.4', 4, '2025-12-23 07:35:47', '2025-12-23 07:35:47'),
(55, 'U_29', 'U_62', '1.5', 1, '2025-12-23 07:35:48', '2025-12-23 07:35:48'),
(56, 'U_29', 'U_62', '2.1', 4, '2025-12-23 07:35:49', '2025-12-23 07:35:49'),
(57, 'U_29', 'U_62', '2.2', 1, '2025-12-23 07:35:50', '2025-12-23 07:35:50'),
(58, 'U_29', 'U_62', '2.3', 4, '2025-12-23 07:35:51', '2025-12-23 07:35:51'),
(59, 'U_29', 'U_62', '2.4', 1, '2025-12-23 07:35:52', '2025-12-23 07:35:52'),
(60, 'U_29', 'U_62', '2.5', 4, '2025-12-23 07:35:53', '2025-12-23 07:35:53'),
(61, 'U_29', 'U_62', '2.6', 1, '2025-12-23 07:35:54', '2025-12-23 07:35:54'),
(62, 'U_29', 'U_62', '2.7', 4, '2025-12-23 07:35:56', '2025-12-23 07:35:56'),
(63, 'U_29', 'U_62', '2.8', 1, '2025-12-23 07:35:57', '2025-12-23 07:35:57'),
(64, 'U_29', 'U_62', '2.9', 4, '2025-12-23 07:35:58', '2025-12-23 07:35:58'),
(65, 'U_21', 'U_26', '1.1', 85, '2025-12-23 10:06:00', '2025-12-23 10:06:00'),
(66, 'U_TEST', 'U_TARGET', '1.1', 85, '2025-12-24 03:32:28', '2025-12-24 03:32:28'),
(69, 'U_48', 'U_21', '1.1', 4, '2025-12-25 03:33:59', '2025-12-25 03:33:59'),
(70, 'U_48', 'U_21', '1.2', 3, '2025-12-25 03:33:59', '2025-12-25 03:33:59'),
(71, 'U_48', 'U_21', '1.3', 2, '2025-12-25 03:34:00', '2025-12-25 03:34:00'),
(72, 'U_48', 'U_21', '1.4', 1, '2025-12-25 03:34:00', '2025-12-25 03:34:00'),
(73, 'U_48', 'U_21', '1.5', 2, '2025-12-25 03:34:01', '2025-12-25 03:34:02'),
(76, 'U_48', 'U_21', '2.1-E', 3, '2025-12-25 03:34:03', '2025-12-25 03:34:03'),
(78, 'U_48', 'U_21', '2.10-E', 4, '2025-12-25 03:34:04', '2025-12-25 03:34:04'),
(79, 'U_48', 'U_21', '2.11-E', 3, '2025-12-25 03:34:05', '2025-12-25 03:34:05'),
(80, 'U_48', 'U_21', '2.12-E', 2, '2025-12-25 03:34:05', '2025-12-25 03:34:05'),
(81, 'U_48', 'U_21', '2.13-E', 1, '2025-12-25 03:34:06', '2025-12-25 03:34:06'),
(82, 'U_48', 'U_21', '2.2-E', 2, '2025-12-25 03:34:09', '2025-12-25 03:34:09'),
(83, 'U_48', 'U_21', '2.3-E', 3, '2025-12-25 03:34:09', '2025-12-25 03:34:09'),
(84, 'U_48', 'U_21', '2.4-E', 4, '2025-12-25 03:34:10', '2025-12-25 03:34:10'),
(85, 'U_48', 'U_21', '2.5-E', 3, '2025-12-25 03:34:11', '2025-12-25 03:34:11'),
(86, 'U_48', 'U_21', '2.6-E', 2, '2025-12-25 03:34:11', '2025-12-25 03:34:11'),
(87, 'U_48', 'U_21', '2.7-E', 1, '2025-12-25 03:34:11', '2025-12-25 03:34:11'),
(88, 'U_48', 'U_21', '2.8-E', 2, '2025-12-25 03:34:13', '2025-12-25 03:34:13'),
(89, 'U_48', 'U_21', '2.9-E', 3, '2025-12-25 03:34:14', '2025-12-25 03:34:14'),
(90, 'U_48', 'U_19', '1.1', 4, '2025-12-25 03:34:45', '2025-12-25 03:35:41'),
(91, 'U_48', 'U_19', '1.2', 4, '2025-12-25 03:34:45', '2025-12-25 03:35:41'),
(92, 'U_48', 'U_19', '1.3', 4, '2025-12-25 03:34:45', '2025-12-25 03:35:42'),
(93, 'U_48', 'U_19', '1.4', 4, '2025-12-25 03:34:46', '2025-12-25 03:35:42'),
(94, 'U_48', 'U_19', '1.5', 4, '2025-12-25 03:34:46', '2025-12-25 03:35:42'),
(95, 'U_48', 'U_19', '2.1-E', 4, '2025-12-25 03:34:46', '2025-12-25 03:35:43'),
(96, 'U_48', 'U_19', '2.10-E', 4, '2025-12-25 03:34:46', '2025-12-25 03:35:44'),
(97, 'U_48', 'U_19', '2.11-E', 4, '2025-12-25 03:34:46', '2025-12-25 03:35:44'),
(98, 'U_48', 'U_19', '2.12-E', 4, '2025-12-25 03:34:46', '2025-12-25 03:35:44'),
(99, 'U_48', 'U_19', '2.13-E', 4, '2025-12-25 03:34:46', '2025-12-25 03:35:45'),
(100, 'U_48', 'U_19', '2.2-E', 4, '2025-12-25 03:34:46', '2025-12-25 03:35:46'),
(101, 'U_48', 'U_19', '2.3-E', 4, '2025-12-25 03:34:46', '2025-12-25 03:35:46'),
(102, 'U_48', 'U_19', '2.4-E', 4, '2025-12-25 03:34:46', '2025-12-25 03:35:46'),
(103, 'U_48', 'U_19', '2.5-E', 4, '2025-12-25 03:34:46', '2025-12-25 03:35:47'),
(104, 'U_48', 'U_19', '2.6-E', 4, '2025-12-25 03:34:46', '2025-12-25 03:35:47'),
(105, 'U_48', 'U_19', '2.7-E', 4, '2025-12-25 03:34:46', '2025-12-25 03:35:04'),
(106, 'U_48', 'U_19', '2.8-E', 4, '2025-12-25 03:34:46', '2025-12-25 03:35:04'),
(107, 'U_48', 'U_19', '2.9-E', 4, '2025-12-25 03:34:46', '2025-12-25 03:35:04'),
(128, 'U_48', 'U_29', '1.1', 4, '2025-12-25 03:35:54', '2025-12-25 03:36:02'),
(129, 'U_48', 'U_29', '1.2', 4, '2025-12-25 03:35:54', '2025-12-25 03:35:54'),
(130, 'U_48', 'U_29', '1.3', 4, '2025-12-25 03:35:54', '2025-12-25 03:35:54'),
(131, 'U_48', 'U_29', '1.4', 4, '2025-12-25 03:35:54', '2025-12-25 03:35:54'),
(132, 'U_48', 'U_29', '1.5', 4, '2025-12-25 03:35:54', '2025-12-25 03:35:54'),
(133, 'U_48', 'U_29', '2.1-E', 4, '2025-12-25 03:35:54', '2025-12-25 03:35:54'),
(134, 'U_48', 'U_29', '2.10-E', 4, '2025-12-25 03:35:54', '2025-12-25 03:35:54'),
(135, 'U_48', 'U_29', '2.11-E', 4, '2025-12-25 03:35:54', '2025-12-25 03:35:54'),
(136, 'U_48', 'U_29', '2.12-E', 4, '2025-12-25 03:35:54', '2025-12-25 03:35:54'),
(137, 'U_48', 'U_29', '2.13-E', 4, '2025-12-25 03:35:54', '2025-12-25 03:35:54'),
(138, 'U_48', 'U_29', '2.2-E', 4, '2025-12-25 03:35:54', '2025-12-25 03:35:54'),
(139, 'U_48', 'U_29', '2.3-E', 4, '2025-12-25 03:35:54', '2025-12-25 03:35:54'),
(140, 'U_48', 'U_29', '2.4-E', 4, '2025-12-25 03:35:54', '2025-12-25 03:35:54'),
(141, 'U_48', 'U_29', '2.5-E', 4, '2025-12-25 03:35:54', '2025-12-25 03:35:54'),
(142, 'U_48', 'U_29', '2.6-E', 4, '2025-12-25 03:35:54', '2025-12-25 03:35:54'),
(143, 'U_48', 'U_29', '2.7-E', 4, '2025-12-25 03:35:54', '2025-12-25 03:35:54'),
(144, 'U_48', 'U_29', '2.8-E', 4, '2025-12-25 03:35:54', '2025-12-25 03:35:54'),
(145, 'U_48', 'U_29', '2.9-E', 4, '2025-12-25 03:35:54', '2025-12-25 03:35:54'),
(150, 'U_17', 'U_58', '1.2', 3, '2025-12-25 06:32:21', '2025-12-25 06:32:21'),
(151, 'U_17', 'U_58', '1.4', 4, '2025-12-25 06:32:21', '2025-12-25 06:32:21'),
(152, 'U_17', 'U_58', '2.7', 4, '2025-12-25 06:32:22', '2025-12-25 06:32:22'),
(153, 'U_17', 'U_58', '2.5', 4, '2025-12-25 06:32:22', '2025-12-25 06:32:22'),
(154, 'U_17', 'U_58', '2.6', 4, '2025-12-25 06:32:22', '2025-12-25 06:32:22'),
(155, 'U_17', 'U_58', '2.8', 4, '2025-12-25 06:32:22', '2025-12-25 06:32:22'),
(156, 'U_17', 'U_58', '1.1', 4, '2025-12-25 06:32:22', '2025-12-25 06:32:22'),
(157, 'U_17', 'U_58', '2.2', 4, '2025-12-25 06:32:22', '2025-12-25 06:32:22'),
(158, 'U_17', 'U_58', '2.9', 4, '2025-12-25 06:32:22', '2025-12-25 06:32:22'),
(159, 'U_17', 'U_58', '2.3', 4, '2025-12-25 06:32:22', '2025-12-25 06:32:22'),
(160, 'U_17', 'U_58', '2.4', 4, '2025-12-25 06:32:22', '2025-12-25 06:32:22'),
(161, 'U_17', 'U_58', '2.1', 4, '2025-12-25 06:32:22', '2025-12-25 06:32:22'),
(162, 'U_17', 'U_58', '1.5', 4, '2025-12-25 06:32:22', '2025-12-25 06:32:22'),
(163, 'U_17', 'U_58', '1.3', 4, '2025-12-25 06:32:22', '2025-12-25 06:32:22'),
(164, 'U_11', 'U_58', '1.1', 4, '2025-12-25 06:33:27', '2025-12-25 06:33:27'),
(165, 'U_11', 'U_58', '1.3', 4, '2025-12-25 06:33:27', '2025-12-25 06:33:27'),
(166, 'U_11', 'U_58', '1.2', 3, '2025-12-25 06:33:27', '2025-12-25 06:33:27'),
(167, 'U_11', 'U_58', '2.1', 4, '2025-12-25 06:33:27', '2025-12-25 06:33:27'),
(168, 'U_11', 'U_58', '2.7', 4, '2025-12-25 06:33:27', '2025-12-25 06:33:27'),
(169, 'U_11', 'U_58', '2.3', 4, '2025-12-25 06:33:27', '2025-12-25 06:33:27'),
(170, 'U_11', 'U_58', '1.5', 4, '2025-12-25 06:33:27', '2025-12-25 06:33:27'),
(171, 'U_11', 'U_58', '2.6', 4, '2025-12-25 06:33:27', '2025-12-25 06:33:27'),
(172, 'U_11', 'U_58', '2.2', 4, '2025-12-25 06:33:27', '2025-12-25 06:33:27'),
(173, 'U_11', 'U_58', '1.4', 4, '2025-12-25 06:33:27', '2025-12-25 06:33:27'),
(174, 'U_11', 'U_58', '2.8', 4, '2025-12-25 06:33:27', '2025-12-25 06:33:27'),
(175, 'U_11', 'U_58', '2.5', 4, '2025-12-25 06:33:27', '2025-12-25 06:33:27'),
(176, 'U_11', 'U_58', '2.4', 4, '2025-12-25 06:33:27', '2025-12-25 06:33:27'),
(177, 'U_11', 'U_58', '2.9', 4, '2025-12-25 06:33:27', '2025-12-25 06:33:27'),
(178, 'U_13', 'U_58', '1.1', 3, '2025-12-25 06:35:14', '2025-12-25 06:35:14'),
(179, 'U_13', 'U_58', '1.4', 4, '2025-12-25 06:35:14', '2025-12-25 06:35:14'),
(180, 'U_13', 'U_58', '2.3', 4, '2025-12-25 06:35:14', '2025-12-25 06:35:14'),
(181, 'U_13', 'U_58', '2.8', 4, '2025-12-25 06:35:14', '2025-12-25 06:35:14'),
(182, 'U_13', 'U_58', '1.2', 3, '2025-12-25 06:35:14', '2025-12-25 06:35:14'),
(183, 'U_13', 'U_58', '2.4', 3, '2025-12-25 06:35:14', '2025-12-25 06:35:14'),
(184, 'U_13', 'U_58', '1.3', 3, '2025-12-25 06:35:14', '2025-12-25 06:35:14'),
(185, 'U_13', 'U_58', '1.5', 3, '2025-12-25 06:35:14', '2025-12-25 06:35:14'),
(186, 'U_13', 'U_58', '2.7', 4, '2025-12-25 06:35:14', '2025-12-25 06:35:14'),
(187, 'U_13', 'U_58', '2.1', 4, '2025-12-25 06:35:14', '2025-12-25 06:35:14'),
(188, 'U_13', 'U_58', '2.2', 4, '2025-12-25 06:35:14', '2025-12-25 06:35:14'),
(189, 'U_13', 'U_58', '2.9', 4, '2025-12-25 06:35:14', '2025-12-25 06:35:14'),
(190, 'U_13', 'U_58', '2.5', 4, '2025-12-25 06:35:14', '2025-12-25 06:35:14'),
(191, 'U_13', 'U_58', '2.6', 4, '2025-12-25 06:35:14', '2025-12-25 06:35:14'),
(192, 'U_21', 'U_58', '1.2', 3, '2025-12-25 06:36:15', '2025-12-25 06:36:15'),
(193, 'U_21', 'U_58', '2.1', 4, '2025-12-25 06:36:15', '2025-12-25 06:36:15'),
(194, 'U_21', 'U_58', '2.3', 4, '2025-12-25 06:36:15', '2025-12-25 06:36:15'),
(195, 'U_21', 'U_58', '1.1', 3, '2025-12-25 06:36:15', '2025-12-25 06:36:15'),
(196, 'U_21', 'U_58', '2.8', 4, '2025-12-25 06:36:15', '2025-12-25 06:36:15'),
(197, 'U_21', 'U_58', '2.6', 4, '2025-12-25 06:36:15', '2025-12-25 06:36:15'),
(198, 'U_21', 'U_58', '1.3', 3, '2025-12-25 06:36:15', '2025-12-25 06:36:15'),
(199, 'U_21', 'U_58', '2.5', 4, '2025-12-25 06:36:15', '2025-12-25 06:36:15'),
(200, 'U_21', 'U_58', '2.2', 4, '2025-12-25 06:36:15', '2025-12-25 06:36:15'),
(201, 'U_21', 'U_58', '2.4', 3, '2025-12-25 06:36:15', '2025-12-25 06:36:15'),
(202, 'U_21', 'U_58', '1.5', 3, '2025-12-25 06:36:15', '2025-12-25 06:36:15'),
(203, 'U_21', 'U_58', '2.7', 4, '2025-12-25 06:36:15', '2025-12-25 06:36:15'),
(204, 'U_21', 'U_58', '2.9', 4, '2025-12-25 06:36:15', '2025-12-25 06:36:15'),
(205, 'U_21', 'U_58', '1.4', 4, '2025-12-25 06:36:15', '2025-12-25 06:36:15'),
(249, 'U_22', 'U_65', '1.1', 3, '2025-12-25 08:13:27', '2025-12-25 08:13:27'),
(250, 'U_22', 'U_65', '1.2', 3, '2025-12-25 08:13:27', '2025-12-25 08:13:27'),
(251, 'U_22', 'U_65', '2.6', 3, '2025-12-25 08:13:27', '2025-12-25 08:13:27'),
(252, 'U_22', 'U_65', '2.3', 3, '2025-12-25 08:13:27', '2025-12-25 08:13:27'),
(253, 'U_22', 'U_65', '2.7', 3, '2025-12-25 08:13:27', '2025-12-25 08:13:27'),
(254, 'U_22', 'U_65', '1.3', 3, '2025-12-25 08:13:27', '2025-12-25 08:13:27'),
(255, 'U_22', 'U_65', '2.2', 3, '2025-12-25 08:13:27', '2025-12-25 08:13:27'),
(256, 'U_22', 'U_65', '2.1', 3, '2025-12-25 08:13:27', '2025-12-25 08:13:27'),
(257, 'U_22', 'U_65', '1.4', 4, '2025-12-25 08:13:27', '2025-12-25 08:13:27'),
(258, 'U_22', 'U_65', '1.5', 3, '2025-12-25 08:13:27', '2025-12-25 08:13:27'),
(259, 'U_22', 'U_65', '2.8', 4, '2025-12-25 08:13:27', '2025-12-25 08:13:27'),
(260, 'U_22', 'U_65', '2.5', 3, '2025-12-25 08:13:27', '2025-12-25 08:13:27'),
(261, 'U_22', 'U_65', '2.9', 3, '2025-12-25 08:13:27', '2025-12-25 08:13:27'),
(262, 'U_22', 'U_65', '2.4', 3, '2025-12-25 08:13:27', '2025-12-25 08:13:27'),
(263, 'U_23', 'U_65', '1.4', 3, '2025-12-25 08:14:02', '2025-12-25 08:14:02'),
(264, 'U_23', 'U_65', '1.1', 3, '2025-12-25 08:14:02', '2025-12-25 08:14:02'),
(265, 'U_23', 'U_65', '2.6', 3, '2025-12-25 08:14:02', '2025-12-25 08:14:02'),
(266, 'U_23', 'U_65', '1.3', 3, '2025-12-25 08:14:02', '2025-12-25 08:14:02'),
(267, 'U_23', 'U_65', '1.5', 3, '2025-12-25 08:14:02', '2025-12-25 08:14:02'),
(268, 'U_23', 'U_65', '1.2', 3, '2025-12-25 08:14:02', '2025-12-25 08:14:02'),
(269, 'U_23', 'U_65', '2.8', 4, '2025-12-25 08:14:02', '2025-12-25 08:14:02'),
(270, 'U_23', 'U_65', '2.9', 3, '2025-12-25 08:14:02', '2025-12-25 08:14:02'),
(271, 'U_23', 'U_65', '2.3', 3, '2025-12-25 08:14:02', '2025-12-25 08:14:02'),
(272, 'U_23', 'U_65', '2.4', 3, '2025-12-25 08:14:02', '2025-12-25 08:14:02'),
(273, 'U_23', 'U_65', '2.2', 3, '2025-12-25 08:14:02', '2025-12-25 08:14:02'),
(274, 'U_23', 'U_65', '2.7', 3, '2025-12-25 08:14:02', '2025-12-25 08:14:02'),
(275, 'U_23', 'U_65', '2.5', 2, '2025-12-25 08:14:02', '2025-12-25 08:14:02'),
(276, 'U_23', 'U_65', '2.1', 3, '2025-12-25 08:14:02', '2025-12-25 08:14:02'),
(277, 'U_21', 'U_65', '1.3', 3, '2025-12-25 08:14:35', '2025-12-25 08:14:35'),
(278, 'U_21', 'U_65', '2.1', 3, '2025-12-25 08:14:35', '2025-12-25 08:14:35'),
(279, 'U_21', 'U_65', '1.5', 3, '2025-12-25 08:14:35', '2025-12-25 08:14:35'),
(280, 'U_21', 'U_65', '2.2', 3, '2025-12-25 08:14:35', '2025-12-25 08:14:35'),
(281, 'U_21', 'U_65', '2.5', 3, '2025-12-25 08:14:35', '2025-12-25 08:14:35'),
(282, 'U_21', 'U_65', '1.4', 3, '2025-12-25 08:14:35', '2025-12-25 08:14:35'),
(283, 'U_21', 'U_65', '2.4', 3, '2025-12-25 08:14:35', '2025-12-25 08:14:35'),
(284, 'U_21', 'U_65', '2.6', 3, '2025-12-25 08:14:35', '2025-12-25 08:14:35'),
(285, 'U_21', 'U_65', '2.3', 3, '2025-12-25 08:14:35', '2025-12-25 08:14:35'),
(286, 'U_21', 'U_65', '1.2', 3, '2025-12-25 08:14:35', '2025-12-25 08:14:35'),
(287, 'U_21', 'U_65', '1.1', 3, '2025-12-25 08:14:35', '2025-12-25 08:14:35'),
(288, 'U_21', 'U_65', '2.7', 3, '2025-12-25 08:14:35', '2025-12-25 08:14:35'),
(289, 'U_21', 'U_65', '2.8', 4, '2025-12-25 08:14:35', '2025-12-25 08:14:35'),
(290, 'U_21', 'U_65', '2.9', 3, '2025-12-25 08:14:35', '2025-12-25 08:14:35'),
(291, 'U_26', 'U_47', '1.1', 4, '2025-12-25 08:28:18', '2025-12-25 08:28:18'),
(292, 'U_26', 'U_47', '1.2', 4, '2025-12-25 08:28:18', '2025-12-25 08:28:18'),
(293, 'U_26', 'U_47', '1.4', 3, '2025-12-25 08:28:18', '2025-12-25 08:28:18'),
(294, 'U_26', 'U_47', '1.3', 3, '2025-12-25 08:28:18', '2025-12-25 08:28:18'),
(295, 'U_26', 'U_47', '2.2', 3, '2025-12-25 08:28:18', '2025-12-25 08:28:18'),
(296, 'U_26', 'U_47', '2.6', 4, '2025-12-25 08:28:18', '2025-12-25 08:28:18'),
(297, 'U_26', 'U_47', '2.4', 3, '2025-12-25 08:28:18', '2025-12-25 08:28:18'),
(298, 'U_26', 'U_47', '2.5', 4, '2025-12-25 08:28:18', '2025-12-25 08:28:18'),
(299, 'U_26', 'U_47', '2.9', 3, '2025-12-25 08:28:18', '2025-12-25 08:28:18'),
(300, 'U_26', 'U_47', '2.7', 4, '2025-12-25 08:28:18', '2025-12-25 08:28:18'),
(301, 'U_26', 'U_47', '2.3', 4, '2025-12-25 08:28:18', '2025-12-25 08:28:18'),
(302, 'U_26', 'U_47', '2.8', 4, '2025-12-25 08:28:18', '2025-12-25 08:28:18'),
(303, 'U_26', 'U_47', '2.1', 4, '2025-12-25 08:28:18', '2025-12-25 08:28:18'),
(304, 'U_26', 'U_47', '1.5', 4, '2025-12-25 08:28:18', '2025-12-25 08:28:18'),
(305, 'U_21', 'U_47', '1.1', 4, '2025-12-25 08:28:59', '2025-12-25 08:28:59'),
(306, 'U_21', 'U_47', '1.2', 4, '2025-12-25 08:28:59', '2025-12-25 08:28:59'),
(307, 'U_21', 'U_47', '1.3', 3, '2025-12-25 08:28:59', '2025-12-25 08:28:59'),
(308, 'U_21', 'U_47', '2.2', 3, '2025-12-25 08:28:59', '2025-12-25 08:28:59'),
(309, 'U_21', 'U_47', '2.3', 4, '2025-12-25 08:28:59', '2025-12-25 08:28:59'),
(310, 'U_21', 'U_47', '2.1', 4, '2025-12-25 08:28:59', '2025-12-25 08:28:59'),
(311, 'U_21', 'U_47', '1.5', 4, '2025-12-25 08:28:59', '2025-12-25 08:28:59'),
(312, 'U_21', 'U_47', '1.4', 3, '2025-12-25 08:28:59', '2025-12-25 08:28:59'),
(313, 'U_21', 'U_47', '2.5', 4, '2025-12-25 08:28:59', '2025-12-25 08:28:59'),
(314, 'U_21', 'U_47', '2.4', 3, '2025-12-25 08:28:59', '2025-12-25 08:28:59'),
(315, 'U_21', 'U_47', '2.9', 3, '2025-12-25 08:28:59', '2025-12-25 08:28:59'),
(316, 'U_21', 'U_47', '2.6', 4, '2025-12-25 08:28:59', '2025-12-25 08:28:59'),
(317, 'U_21', 'U_47', '2.7', 4, '2025-12-25 08:28:59', '2025-12-25 08:28:59'),
(318, 'U_21', 'U_47', '2.8', 4, '2025-12-25 08:28:59', '2025-12-25 08:28:59'),
(319, 'U_21', 'U_22', '1.1', 4, '2025-12-25 08:31:20', '2025-12-25 08:31:20'),
(320, 'U_21', 'U_22', '2.2-E', 3, '2025-12-25 08:31:20', '2025-12-25 08:31:20'),
(321, 'U_21', 'U_22', '1.3', 4, '2025-12-25 08:31:20', '2025-12-25 08:31:20'),
(322, 'U_21', 'U_22', '2.13-E', 4, '2025-12-25 08:31:20', '2025-12-25 08:31:20'),
(323, 'U_21', 'U_22', '2.5-E', 3, '2025-12-25 08:31:20', '2025-12-25 08:31:20'),
(324, 'U_21', 'U_22', '2.11-E', 4, '2025-12-25 08:31:20', '2025-12-25 08:31:20'),
(325, 'U_21', 'U_22', '2.7-E', 3, '2025-12-25 08:31:20', '2025-12-25 08:31:20'),
(326, 'U_21', 'U_22', '1.4', 3, '2025-12-25 08:31:20', '2025-12-25 08:31:20'),
(327, 'U_21', 'U_22', '2.10-E', 3, '2025-12-25 08:31:20', '2025-12-25 08:31:20'),
(328, 'U_21', 'U_22', '1.5', 4, '2025-12-25 08:31:20', '2025-12-25 08:31:20'),
(329, 'U_21', 'U_22', '2.1-E', 4, '2025-12-25 08:31:20', '2025-12-25 08:31:20'),
(330, 'U_21', 'U_22', '1.2', 3, '2025-12-25 08:31:20', '2025-12-25 08:31:20'),
(331, 'U_21', 'U_22', '2.12-E', 2, '2025-12-25 08:31:20', '2025-12-25 08:31:20'),
(332, 'U_21', 'U_22', '2.3-E', 4, '2025-12-25 08:31:20', '2025-12-25 08:31:20'),
(333, 'U_21', 'U_22', '2.9-E', 4, '2025-12-25 08:31:20', '2025-12-25 08:31:20'),
(334, 'U_21', 'U_22', '2.4-E', 4, '2025-12-25 08:31:20', '2025-12-25 08:31:20'),
(335, 'U_21', 'U_22', '2.8-E', 4, '2025-12-25 08:31:20', '2025-12-25 08:31:20'),
(336, 'U_21', 'U_22', '2.6-E', 3, '2025-12-25 08:31:20', '2025-12-25 08:31:20'),
(337, 'U_23', 'U_22', '1.1', 3, '2025-12-25 08:32:11', '2025-12-25 08:32:11'),
(338, 'U_23', 'U_22', '2.12-E', 2, '2025-12-25 08:32:11', '2025-12-25 08:32:11'),
(339, 'U_23', 'U_22', '1.2', 3, '2025-12-25 08:32:11', '2025-12-25 08:32:11'),
(340, 'U_23', 'U_22', '1.4', 3, '2025-12-25 08:32:11', '2025-12-25 08:32:11'),
(341, 'U_23', 'U_22', '2.10-E', 1, '2025-12-25 08:32:11', '2025-12-25 12:52:17'),
(342, 'U_23', 'U_22', '2.6-E', 3, '2025-12-25 08:32:11', '2025-12-25 08:32:11'),
(343, 'U_23', 'U_22', '2.11-E', 2, '2025-12-25 08:32:12', '2025-12-25 08:32:12'),
(344, 'U_23', 'U_22', '2.2-E', 3, '2025-12-25 08:32:12', '2025-12-25 08:32:12'),
(345, 'U_23', 'U_22', '2.3-E', 3, '2025-12-25 08:32:12', '2025-12-25 08:32:12'),
(346, 'U_23', 'U_22', '2.7-E', 2, '2025-12-25 08:32:12', '2025-12-25 08:32:12'),
(347, 'U_23', 'U_22', '2.13-E', 3, '2025-12-25 08:32:12', '2025-12-25 08:32:12'),
(348, 'U_23', 'U_22', '2.4-E', 3, '2025-12-25 08:32:12', '2025-12-25 08:32:12'),
(349, 'U_23', 'U_22', '2.5-E', 2, '2025-12-25 08:32:12', '2025-12-25 08:32:12'),
(350, 'U_23', 'U_22', '2.1-E', 2, '2025-12-25 08:32:12', '2025-12-25 12:52:17'),
(351, 'U_23', 'U_22', '1.5', 4, '2025-12-25 08:32:12', '2025-12-25 12:52:17'),
(352, 'U_23', 'U_22', '2.9-E', 4, '2025-12-25 08:32:12', '2025-12-25 08:32:12'),
(353, 'U_23', 'U_22', '1.3', 3, '2025-12-25 08:32:12', '2025-12-25 08:32:12'),
(354, 'U_23', 'U_22', '2.8-E', 4, '2025-12-25 08:32:12', '2025-12-25 08:32:12'),
(355, 'U_65', 'U_22', '1.1', 4, '2025-12-25 08:32:49', '2025-12-25 08:32:49'),
(356, 'U_65', 'U_22', '2.10-E', 4, '2025-12-25 08:32:49', '2025-12-25 08:32:49'),
(357, 'U_65', 'U_22', '2.12-E', 4, '2025-12-25 08:32:49', '2025-12-25 08:32:49'),
(358, 'U_65', 'U_22', '1.5', 4, '2025-12-25 08:32:49', '2025-12-25 08:32:49'),
(359, 'U_65', 'U_22', '2.3-E', 4, '2025-12-25 08:32:49', '2025-12-25 08:32:49'),
(360, 'U_65', 'U_22', '2.13-E', 4, '2025-12-25 08:32:49', '2025-12-25 08:32:49'),
(361, 'U_65', 'U_22', '2.1-E', 4, '2025-12-25 08:32:49', '2025-12-25 08:32:49'),
(362, 'U_65', 'U_22', '2.11-E', 4, '2025-12-25 08:32:49', '2025-12-25 08:32:49'),
(363, 'U_65', 'U_22', '1.3', 4, '2025-12-25 08:32:49', '2025-12-25 08:32:49'),
(364, 'U_65', 'U_22', '2.2-E', 4, '2025-12-25 08:32:49', '2025-12-25 08:32:49'),
(365, 'U_65', 'U_22', '1.2', 4, '2025-12-25 08:32:49', '2025-12-25 08:32:49'),
(366, 'U_65', 'U_22', '2.4-E', 4, '2025-12-25 08:32:49', '2025-12-25 08:32:49'),
(367, 'U_65', 'U_22', '1.4', 4, '2025-12-25 08:32:49', '2025-12-25 08:32:49'),
(368, 'U_65', 'U_22', '2.5-E', 4, '2025-12-25 08:32:49', '2025-12-25 08:32:49'),
(369, 'U_65', 'U_22', '2.7-E', 4, '2025-12-25 08:32:49', '2025-12-25 08:32:49'),
(370, 'U_65', 'U_22', '2.8-E', 4, '2025-12-25 08:32:49', '2025-12-25 08:32:49'),
(371, 'U_65', 'U_22', '2.6-E', 4, '2025-12-25 08:32:49', '2025-12-25 08:32:49'),
(372, 'U_65', 'U_22', '2.9-E', 4, '2025-12-25 08:32:49', '2025-12-25 08:32:49'),
(373, 'U_62', 'U_29', '1.1', 1, '2025-12-25 08:35:08', '2025-12-25 08:43:01'),
(374, 'U_62', 'U_29', '1.2', 1, '2025-12-25 08:35:09', '2025-12-25 08:43:02'),
(375, 'U_62', 'U_29', '1.3', 1, '2025-12-25 08:35:09', '2025-12-25 08:43:03'),
(376, 'U_62', 'U_29', '1.4', 1, '2025-12-25 08:35:10', '2025-12-25 08:43:03'),
(377, 'U_62', 'U_29', '1.5', 1, '2025-12-25 08:35:11', '2025-12-25 08:43:04'),
(378, 'U_62', 'U_29', '2.1-E', 1, '2025-12-25 08:35:21', '2025-12-25 08:43:05'),
(379, 'U_62', 'U_29', '2.10-E', 1, '2025-12-25 08:35:22', '2025-12-25 08:43:06'),
(380, 'U_62', 'U_29', '2.11-E', 1, '2025-12-25 08:35:22', '2025-12-25 08:43:07'),
(381, 'U_62', 'U_29', '2.12-E', 1, '2025-12-25 08:35:23', '2025-12-25 08:43:08'),
(382, 'U_62', 'U_29', '2.13-E', 1, '2025-12-25 08:35:24', '2025-12-25 08:43:09'),
(383, 'U_62', 'U_29', '2.2-E', 1, '2025-12-25 08:35:24', '2025-12-25 08:43:10'),
(384, 'U_62', 'U_29', '2.3-E', 1, '2025-12-25 08:35:25', '2025-12-25 08:43:10'),
(385, 'U_62', 'U_29', '2.4-E', 1, '2025-12-25 08:35:27', '2025-12-25 08:43:11'),
(386, 'U_62', 'U_29', '2.5-E', 1, '2025-12-25 08:35:27', '2025-12-25 08:43:11'),
(387, 'U_62', 'U_29', '2.6-E', 1, '2025-12-25 08:35:28', '2025-12-25 08:43:15'),
(388, 'U_62', 'U_29', '2.7-E', 1, '2025-12-25 08:35:29', '2025-12-25 08:43:14'),
(389, 'U_62', 'U_29', '2.9-E', 1, '2025-12-25 08:35:30', '2025-12-25 08:43:13'),
(390, 'U_62', 'U_29', '2.8-E', 1, '2025-12-25 08:35:31', '2025-12-25 08:43:14'),
(409, 'U_59', 'U_22', '1.2', 3, '2025-12-25 08:37:52', '2025-12-25 08:37:52'),
(410, 'U_59', 'U_22', '1.3', 3, '2025-12-25 08:37:52', '2025-12-25 08:37:52'),
(411, 'U_59', 'U_22', '1.4', 3, '2025-12-25 08:37:52', '2025-12-25 08:37:52'),
(412, 'U_59', 'U_22', '1.5', 4, '2025-12-25 08:37:52', '2025-12-25 08:37:52'),
(413, 'U_59', 'U_22', '2.1-E', 3, '2025-12-25 08:37:52', '2025-12-25 08:37:52'),
(414, 'U_59', 'U_22', '2.10-E', 4, '2025-12-25 08:37:52', '2025-12-25 08:37:52'),
(415, 'U_59', 'U_22', '2.7-E', 4, '2025-12-25 08:37:52', '2025-12-25 08:37:52'),
(416, 'U_59', 'U_22', '2.4-E', 3, '2025-12-25 08:37:52', '2025-12-25 08:37:52'),
(417, 'U_59', 'U_22', '1.1', 4, '2025-12-25 08:37:52', '2025-12-25 08:37:52'),
(418, 'U_59', 'U_22', '2.11-E', 3, '2025-12-25 08:37:52', '2025-12-25 08:37:52'),
(419, 'U_59', 'U_22', '2.9-E', 4, '2025-12-25 08:37:52', '2025-12-25 08:37:52'),
(420, 'U_59', 'U_22', '2.13-E', 4, '2025-12-25 08:37:52', '2025-12-25 08:37:52'),
(421, 'U_59', 'U_22', '2.2-E', 3, '2025-12-25 08:37:52', '2025-12-25 08:37:52'),
(422, 'U_59', 'U_22', '2.6-E', 4, '2025-12-25 08:37:52', '2025-12-25 08:37:52'),
(423, 'U_59', 'U_22', '2.5-E', 3, '2025-12-25 08:37:52', '2025-12-25 08:37:52'),
(424, 'U_59', 'U_22', '2.12-E', 4, '2025-12-25 08:37:52', '2025-12-25 08:37:52'),
(425, 'U_59', 'U_22', '2.3-E', 4, '2025-12-25 08:37:52', '2025-12-25 08:37:52'),
(426, 'U_59', 'U_22', '2.8-E', 4, '2025-12-25 08:37:52', '2025-12-25 08:37:52'),
(427, 'U_51', 'U_22', '1.1', 4, '2025-12-25 08:38:26', '2025-12-25 08:38:26'),
(428, 'U_51', 'U_22', '1.2', 3, '2025-12-25 08:38:26', '2025-12-25 08:38:26'),
(429, 'U_51', 'U_22', '1.5', 4, '2025-12-25 08:38:26', '2025-12-25 08:38:26'),
(430, 'U_51', 'U_22', '1.3', 3, '2025-12-25 08:38:26', '2025-12-25 08:38:26'),
(431, 'U_51', 'U_22', '2.10-E', 4, '2025-12-25 08:38:26', '2025-12-25 08:38:26'),
(432, 'U_51', 'U_22', '2.1-E', 4, '2025-12-25 08:38:26', '2025-12-25 08:38:26'),
(433, 'U_51', 'U_22', '2.11-E', 3, '2025-12-25 08:38:26', '2025-12-25 08:38:26'),
(434, 'U_51', 'U_22', '1.4', 3, '2025-12-25 08:38:26', '2025-12-25 08:38:26'),
(435, 'U_51', 'U_22', '2.13-E', 4, '2025-12-25 08:38:26', '2025-12-25 08:38:26'),
(436, 'U_51', 'U_22', '2.3-E', 4, '2025-12-25 08:38:26', '2025-12-25 08:38:26'),
(437, 'U_51', 'U_22', '2.6-E', 3, '2025-12-25 08:38:26', '2025-12-25 08:38:26'),
(438, 'U_51', 'U_22', '2.8-E', 4, '2025-12-25 08:38:26', '2025-12-25 08:38:26'),
(439, 'U_51', 'U_22', '2.2-E', 4, '2025-12-25 08:38:26', '2025-12-25 08:38:26'),
(440, 'U_51', 'U_22', '2.5-E', 4, '2025-12-25 08:38:26', '2025-12-25 08:38:26'),
(441, 'U_51', 'U_22', '2.12-E', 3, '2025-12-25 08:38:26', '2025-12-25 08:38:26'),
(442, 'U_51', 'U_22', '2.4-E', 3, '2025-12-25 08:38:26', '2025-12-25 08:38:26'),
(443, 'U_51', 'U_22', '2.9-E', 4, '2025-12-25 08:38:26', '2025-12-25 08:38:26'),
(444, 'U_51', 'U_22', '2.7-E', 3, '2025-12-25 08:38:26', '2025-12-25 08:38:26');

-- --------------------------------------------------------

--
-- Table structure for table `exclusions`
--

CREATE TABLE `exclusions` (
  `id` int(11) NOT NULL,
  `evaluator_org_id` int(11) NOT NULL,
  `target_org_id` int(11) NOT NULL,
  `reason` varchar(255) DEFAULT NULL
) ENGINE=InnoDB DEFAULT CHARSET=utf8mb4;

--
-- Dumping data for table `exclusions`
--

INSERT INTO `exclusions` (`id`, `evaluator_org_id`, `target_org_id`, `reason`) VALUES
(1, 53, 22, 'ปฐมพงศ์ ไม่ต้องประเมิน พรชนัน'),
(2, 58, 16, 'ณัฐชยา ข้าม ชวาลา'),
(3, 8, 16, 'ธมนวรรณ ข้าม ชวาลา'),
(4, 37, 17, 'ธมลวรรณ ข้าม อรพรรณ'),
(5, 63, 17, 'วรินทร์ธร ข้าม อรพรรณ'),
(6, 60, 17, 'ธนาเทพ ข้าม อรพรรณ'),
(7, 41, 17, 'พงษ์ศักดิ์ ข้าม อรพรรณ'),
(8, 22, 53, 'พรชนัน ข้าม ปฐมพงศ์'),
(9, 16, 58, 'ชวาลา ข้าม ณัฐชยา'),
(10, 16, 8, 'ชวาลา ข้าม ธมนวรรณ'),
(11, 17, 49, 'อรพรรณ ข้าม สุชญา'),
(12, 17, 19, 'อรพรรณ ข้าม เกียรติณรงค์'),
(13, 17, 23, 'อรพรรณ ข้าม ณัฏฐเวช');

-- --------------------------------------------------------

--
-- Table structure for table `logs`
--

CREATE TABLE `logs` (
  `id` int(11) NOT NULL,
  `timestamp` timestamp NULL DEFAULT current_timestamp(),
  `type` varchar(50) DEFAULT NULL,
  `message` text DEFAULT NULL,
  `user_name` varchar(255) DEFAULT NULL
) ENGINE=InnoDB DEFAULT CHARSET=utf8mb4;

-- --------------------------------------------------------

--
-- Table structure for table `system_config`
--

CREATE TABLE `system_config` (
  `key` varchar(50) NOT NULL,
  `value` varchar(255) DEFAULT NULL
) ENGINE=InnoDB DEFAULT CHARSET=utf8mb4;

--
-- Dumping data for table `system_config`
--

INSERT INTO `system_config` (`key`, `value`) VALUES
('', ''),
('dept_adjustments', '{\"บัญชี\":1,\"การเงินและลงทุน\":1,\"ไอที\":1,\"สินเชื่อและกำแพงแสน\":1,\"บริหารทั่วไป\":1,\"รองผู้จัดการ\":1,\"ผู้จัดการ\":1,\"คณะกรรมการ\":1}'),
('end_date', '2025-12-31'),
('is_debug', 'true'),
('send_email_copy', 'true'),
('smtp_encryption', 'ssl'),
('smtp_host', 'smtp.gmail.com'),
('smtp_pass', 'fofq hkpl uqgm bvfc'),
('smtp_port', '465'),
('smtp_user', 'kiatnarong.t@ku.th'),
('start_date', '2025-01-20');

-- --------------------------------------------------------

--
-- Table structure for table `users`
--

CREATE TABLE `users` (
  `id` int(11) NOT NULL,
  `internal_id` varchar(50) NOT NULL,
  `member_id` varchar(20) DEFAULT NULL,
  `org_id` int(11) DEFAULT NULL,
  `name` varchar(255) NOT NULL,
  `position` varchar(255) DEFAULT NULL,
  `dept` varchar(255) DEFAULT NULL,
  `mobile` varchar(20) DEFAULT NULL,
  `salary` decimal(10,2) DEFAULT NULL,
  `salary_group` varchar(50) DEFAULT NULL,
  `role` enum('COMMITTEE','MANAGER','ASST','HEAD','STAFF') NOT NULL DEFAULT 'STAFF',
  `parent_internal_id` varchar(50) DEFAULT NULL,
  `img` varchar(255) DEFAULT NULL,
  `is_admin` tinyint(1) NOT NULL DEFAULT 0,
  `can_view_report` tinyint(1) NOT NULL DEFAULT 0,
  `is_active` tinyint(1) NOT NULL DEFAULT 1,
  `password` varchar(255) DEFAULT NULL,
  `email` varchar(255) DEFAULT NULL,
  `permissions` text DEFAULT NULL
) ENGINE=InnoDB DEFAULT CHARSET=utf8mb4;

--
-- Dumping data for table `users`
--

INSERT INTO `users` (`id`, `internal_id`, `member_id`, `org_id`, `name`, `position`, `dept`, `mobile`, `salary`, `salary_group`, `role`, `parent_internal_id`, `img`, `is_admin`, `can_view_report`, `is_active`, `password`, `email`, `permissions`) VALUES
(2, 'U_21', '010146', 21, 'ปิยธิดา แย้มเกษร', 'ผู้จัดการ', 'ผู้จัดการ', '0859632097', 120000.00, 'เกิน 100,000', 'MANAGER', 'U_999', 'https://apps2.coop.ku.ac.th/asset/staff/2568/crop/010146.jpg', 0, 1, 1, NULL, 'ypiyatida@gmail.com', '{\"canManageCriteria\":true,\"canManageAdjustments\":true,\"canUseAITool\":true,\"canManageSystem\":true,\"canViewReport\":true}'),
(3, 'U_26', '012189', 26, 'ธัญญ์ศริน วราชุน', 'หัวหน้าบัญชี', 'บัญชี', '0863592354', 48000.00, 'เกิน 40,000', 'HEAD', 'U_21', NULL, 0, 0, 1, NULL, 'aimjung.hihi@gmail.com', NULL),
(4, 'U_23', '010999', 23, 'ณัฏฐเวช เศรษฐศิโรตม์', 'ผู้ช่วยการเงิน', 'การเงินและลงทุน', '0818356712', 85000.00, 'เกิน 50,000', 'ASST', 'U_21', NULL, 0, 0, 1, NULL, 'nut444@hotmail.com', NULL),
(5, 'U_19', '009999', 19, 'เกียรติณรงค์ ถนอมทรัพย์', 'ผู้ช่วยไอที', 'ไอที', '0816676397', 90000.00, 'เกิน 50,000', 'ASST', 'U_21', NULL, 1, 1, 1, NULL, 'kiatnarong.t@ku.th', NULL),
(6, 'U_13', '008725', 13, 'อุราพร พิมพ์ทอง', 'รองผู้จัดการ', 'รองผู้จัดการ', '0896877042', 95000.00, 'เกิน 50,000', 'ASST', 'U_21', NULL, 0, 0, 1, NULL, 'tunuraporn@gmail.com', NULL),
(7, 'U_47', '016559', 47, 'ขวัญฤทัย จิตรบำรุง', 'เจ้าหน้าที่', 'บัญชี', '0917954492', 28000.00, 'เกิน 20,000', 'STAFF', 'U_26', NULL, 0, 0, 1, NULL, 'khuwrathai6950@gmail.com', NULL),
(8, 'U_57', '018169', 57, 'พุทธวรรณ จิตตประกอบ', 'เจ้าหน้าที่', 'บัญชี', '0800753921', 18000.00, 'ไม่เกิน 20,000', 'STAFF', 'U_26', NULL, 0, 0, 1, NULL, 'teemjittaprackob@gmail.com', NULL),
(9, 'U_53', '017371', 53, 'ปฐมพงศ์ ใจช่วย', 'เจ้าหน้าที่', 'การเงินและลงทุน', '0814112202', 35000.00, 'เกิน 30,000', 'STAFF', 'U_23', NULL, 0, 0, 1, NULL, 'patompong.jaichuai@gmail.com', NULL),
(10, 'U_22', '010818', 22, 'พรชนัน สมบูรณ์สวัสดิ์', 'หัวหน้า', 'การเงินและลงทุน', '0805451454', 45000.00, 'เกิน 40,000', 'HEAD', 'U_23', 'https://apps2.coop.ku.ac.th/asset/staff/2568/crop/010818.jpg', 0, 0, 1, NULL, 'tuckiezz@gmail.com', NULL),
(11, 'U_59', '017675', 59, 'จิราพร ศรีวิชัย', 'เจ้าหน้าที่', 'การเงินและลงทุน', '0649589895', 19000.00, 'ไม่เกิน 20,000', 'STAFF', 'U_22', NULL, 0, 0, 1, NULL, 'cikcapu0212@gmail.com', NULL),
(12, 'U_65', '018728', 65, 'ณฏฐณิชา อ่อนบาง', 'เจ้าหน้าที่', 'การเงินและลงทุน', '0982599036', 19500.00, 'ไม่เกิน 20,000', 'STAFF', 'U_22', NULL, 0, 0, 1, NULL, 'nattanicha.ob@gmail.com', NULL),
(13, 'U_51', '016953', 51, 'ณิชชา ไชยะกาล', 'เจ้าหน้าที่', 'การเงินและลงทุน', '0969822258', 25000.00, 'เกิน 20,000', 'STAFF', 'U_22', NULL, 0, 0, 1, NULL, 'nutz_siwan23@hotmail.com', NULL),
(14, 'U_25', '012188', 25, 'วรพร ปั้นรัตน์', 'เจ้าหน้าที่', 'การเงินและลงทุน', '0949635663', 38000.00, 'เกิน 30,000', 'STAFF', 'U_22', NULL, 0, 0, 1, NULL, 'vorapornpunrat@gmail.com', NULL),
(15, 'U_29', '012938', 29, 'สมัย เสริฐเจิม', 'หัวหน้า', 'ไอที', '0812681022', 85000.00, 'เกิน 50,000', 'HEAD', 'U_19', 'https://apps2.coop.ku.ac.th/asset/staff/2568/crop/012938.jpg', 1, 1, 1, NULL, NULL, NULL),
(16, 'U_62', '018555', 62, 'กัณหา งิ้วออก', 'เจ้าหน้าที่', 'ไอที', '0949364515', 29000.00, 'เกิน 20,000', 'STAFF', 'U_29', 'https://apps2.coop.ku.ac.th/asset/staff/2568/crop/018555.jpg', 1, 1, 1, NULL, NULL, NULL),
(17, 'U_48', '016789', 48, 'ตุลภัทร จัตุสุนทรกุล', 'เจ้าหน้าที่', 'ไอที', '0944832465', 39000.00, 'เกิน 30,000', 'STAFF', 'U_29', NULL, 0, 0, 1, NULL, 'tullapat.ch@kuscc.com', NULL),
(18, 'U_11', '008723', 11, 'ธัญญา ศักดิ์กะทัศน์', 'ผู้ช่วยผู้จัดการ', 'สินเชื่อและกำแพงแสน', '0867823920', 88000.00, 'เกิน 50,000', 'ASST', 'U_13', NULL, 0, 0, 1, NULL, 'thanya.sakkatas@gmail.com', NULL),
(19, 'U_49', '016887', 49, 'สุชญา อรุณินทร์', 'ผู้ช่วยผู้จัดการ', 'บริหารทั่วไป', '0896636955', 82000.00, 'เกิน 50,000', 'ASST', 'U_13', NULL, 0, 0, 1, NULL, 'suchaya2020@gmail.com', NULL),
(20, 'U_17', '009720', 17, 'อรพรรณ โสภณธนะสิริ', 'หัวหน้า', 'สินเชื่อและกำแพงแสน', '0895149691', 49000.00, 'เกิน 40,000', 'HEAD', 'U_11', NULL, 0, 0, 1, NULL, 'apple2509@gmail.com', NULL),
(21, 'U_16', '009719', 16, 'ชวาลา บุญจันทร์', 'หัวหน้า', 'สินเชื่อและกำแพงแสน', '0992354559', 75000.00, 'เกิน 50,000', 'HEAD', 'U_11', NULL, 0, 0, 1, NULL, 'chaomini2917@gmail.com', NULL),
(22, 'U_37', '014916', 37, 'ธมลวรรณ นาคสกุล', 'เจ้าหน้าที่', 'สินเชื่อและกำแพงแสน', '0813550456', 39000.00, 'เกิน 30,000', 'STAFF', 'U_16', NULL, 0, 0, 1, NULL, 'thamonwannaksakul@gmail.com', NULL),
(23, 'U_63', '018608', 63, 'วรินทร์ธร เพิ่มศิริคณาชัย', 'เจ้าหน้าที่', 'สินเชื่อและกำแพงแสน', '0947872442', 16000.00, 'ไม่เกิน 20,000', 'STAFF', 'U_16', NULL, 0, 0, 1, NULL, 'warinthorn.pe@gmail.com', NULL),
(24, 'U_60', '018472', 60, 'ธนาเทพ พุทธา', 'เจ้าหน้าที่', 'สินเชื่อและกำแพงแสน', '0659835586', 17000.00, 'ไม่เกิน 20,000', 'STAFF', 'U_16', NULL, 0, 0, 1, NULL, 'thanatep.phutta@gmail.com', NULL),
(25, 'U_41', '015457', 41, 'พงษ์ศักดิ์ สิทธิภาพ', 'เจ้าหน้าที่', 'สินเชื่อและกำแพงแสน', '0628782888', 33000.00, 'เกิน 30,000', 'STAFF', 'U_16', NULL, 0, 0, 1, NULL, 'bannong504@gmail.com', NULL),
(26, 'U_58', '018468', 58, 'ณัฐชยา ทินกูล', 'เจ้าหน้าที่', 'สินเชื่อและกำแพงแสน', '0853462391', 15000.00, 'ไม่เกิน 20,000', 'STAFF', 'U_17', NULL, 0, 0, 1, NULL, 'on.jean@hotmail.com', NULL),
(27, 'U_8', '008085', 8, 'ธมนวรรณ แสงจันทร์', 'เจ้าหน้าที่', 'สินเชื่อและกำแพงแสน', '0896157451', 60000.00, 'เกิน 50,000', 'STAFF', 'U_17', NULL, 0, 0, 1, NULL, 'puy7451puy@gmail.com', NULL),
(28, 'U_14', '008846', 14, 'สดใส ศรีเจริญสุข', 'หัวหน้า', 'บริหารทั่วไป', '0851383211', 78000.00, 'เกิน 50,000', 'HEAD', 'U_49', NULL, 0, 0, 1, NULL, 'sricharoensuk@gmail.com', NULL),
(29, 'U_18', '009988', 18, 'สุภาพร วงษ์สกุล', 'เจ้าหน้าที่', 'บริหารทั่วไป', '0891457173', 41000.00, 'เกิน 40,000', 'STAFF', 'U_14', NULL, 0, 0, 1, NULL, 'jvongsakul@gmail.com', NULL),
(30, 'U_56', '018100', 56, 'ชนิกานต์ จีระสมบัติ', 'เจ้าหน้าที่', 'บริหารทั่วไป', '0959516708', 12000.00, 'ไม่เกิน 20,000', 'STAFF', 'U_14', NULL, 0, 0, 1, NULL, 'chanikanmint0641@gmail.com', NULL),
(31, 'U_64', '018600', 64, 'ณัชชา ล้อมวงค์', 'เจ้าหน้าที่', 'บริหารทั่วไป', '0944982020', 13000.00, 'ไม่เกิน 20,000', 'STAFF', 'U_14', NULL, 0, 0, 1, NULL, 'nnatcha.lomwong@gmail.com', NULL),
(32, 'U_31', '013666', 31, 'พรพิมล เสาะด้น', 'เจ้าหน้าที่', 'บริหารทั่วไป', '0873580746', 31000.00, 'เกิน 30,000', 'STAFF', 'U_14', NULL, 0, 0, 1, NULL, 'psoadon@gmail.com', NULL),
(33, 'U_61', '018484', 61, 'พัทรดา วาณิชย์ราบรื่น', 'เจ้าหน้าที่', 'บริหารทั่วไป', '0859109538', 14000.00, 'ไม่เกิน 20,000', 'STAFF', 'U_14', NULL, 0, 0, 1, NULL, 'wanitrabruen.24@gmail.com', NULL),
(34, 'U_38', '015151', 38, 'วชิราพร ไชยพงศ์', 'เจ้าหน้าที่', 'บริหารทั่วไป', '0833404908', 34000.00, 'เกิน 30,000', 'STAFF', 'U_14', NULL, 0, 0, 1, NULL, 'miw.wc42@gmail.com', NULL),
(35, 'U_32', '010933', 32, 'ศศิภา เพชรกรรพุม', 'เจ้าหน้าที่', 'บริหารทั่วไป', '0892007899', 36000.00, 'เกิน 30,000', 'STAFF', 'U_14', NULL, 0, 0, 1, NULL, 'bsasipa@gmail.com', NULL),
(36, 'U_50', '016999', 50, 'พรภิชัย ทะวงศ์', 'เจ้าหน้าที่', 'บริหารทั่วไป', '0993210816', 24000.00, 'เกิน 20,000', 'STAFF', 'U_14', NULL, 0, 0, 1, NULL, 'sansanlaw9999@gmail.com', NULL),
(37, 'U_46', '016558', 46, 'สุรัตน์ ขุนทอง', 'เจ้าหน้าที่', 'การเงินและลงทุน', '0827774208', 26770.00, 'เกิน 20,000', 'STAFF', 'U_22', NULL, 0, 0, 1, NULL, 'yodchuffing15@gmail.com', NULL),
(55, 'U_902', '000986', 902, 'ชาญชัย ไล้เลิศ', 'กรรมการ', 'คณะกรรมการ', '0847572425', 0.00, 'ไม่จัดกลุ่ม', 'COMMITTEE', NULL, NULL, 0, 0, 1, NULL, 'cclailert@gmail.com', NULL),
(56, 'U_903', '006910', 903, 'ดำรงค์ ศรีพระราม', 'กรรมการ', 'คณะกรรมการ', '0817503971', 0.00, 'ไม่จัดกลุ่ม', 'COMMITTEE', NULL, NULL, 0, 0, 1, NULL, 'ffordrs@ku.ac.th', NULL),
(57, 'U_904', '002210', 904, 'ทวีวัฒน์ ทัศนวัฒน์', 'กรรมการ', 'คณะกรรมการ', '0851170792', 0.00, 'ไม่จัดกลุ่ม', 'COMMITTEE', NULL, NULL, 0, 0, 1, NULL, 'fvettht@gmail.com', NULL),
(58, 'U_905', '003488', 905, 'ธวัชชัย ศักดิ์ภู่อร่าม', 'กรรมการ', 'คณะกรรมการ', '0890563032', 0.00, 'ไม่จัดกลุ่ม', 'COMMITTEE', NULL, NULL, 0, 0, 1, NULL, 'fvetths@ku.ac.th', NULL),
(59, 'U_907', '004442', 907, 'นิพนธ์ ลิ้มแหลมทอง', 'กรรมการ', 'คณะกรรมการ', '0819185926', 0.00, 'ไม่จัดกลุ่ม', 'COMMITTEE', NULL, NULL, 0, 0, 1, NULL, 'lekniphonn@gmail.com', NULL),
(60, 'U_908', '002279', 908, 'บพิธ จารุพันธุ์', 'กรรมการ', 'คณะกรรมการ', '0819103320', 0.00, 'ไม่จัดกลุ่ม', 'COMMITTEE', NULL, NULL, 0, 0, 1, NULL, 'ubjp@ku.ac.th', NULL),
(61, 'U_909', '004561', 909, 'พงศ์พันธ์ เหลืองวิไล', 'กรรมการ', 'คณะกรรมการ', '0986539922', 0.00, 'ไม่จัดกลุ่ม', 'COMMITTEE', NULL, NULL, 0, 0, 1, NULL, 'kpsppl@ku.ac.th', NULL),
(62, 'U_910', '006451', 910, 'พูนทรัพย์ บุญรำพรรณ', 'กรรมการ', 'คณะกรรมการ', '0891890047', 0.00, 'ไม่จัดกลุ่ม', 'COMMITTEE', NULL, NULL, 0, 0, 1, NULL, 'ijspsb@gmail.com', NULL),
(63, 'U_911', '001983', 911, 'ภัคพร วงษ์สิงห์', 'กรรมการ', 'คณะกรรมการ', '0818256452', 0.00, 'ไม่จัดกลุ่ม', 'COMMITTEE', NULL, NULL, 0, 0, 1, NULL, 'pakkaporn1950@gmail.com', NULL),
(64, 'U_913', '006390', 913, 'รังสรรค์ ปิติปัญญา', 'กรรมการ', 'คณะกรรมการ', '0819882205', 0.00, 'ไม่จัดกลุ่ม', 'COMMITTEE', NULL, NULL, 0, 0, 1, NULL, 'rangsanpitipunya@gmail.com', NULL),
(65, 'U_915', '001247', 915, 'วิเชียร ไล้เลิศ', 'กรรมการ', 'คณะกรรมการ', '0994169598', 0.00, 'ไม่จัดกลุ่ม', 'COMMITTEE', NULL, NULL, 0, 0, 1, NULL, 'wichian78900@gmail.com', NULL),
(66, 'U_916', '001430', 916, 'วิวัฒน์ แดงสุภา', 'กรรมการ', 'คณะกรรมการ', '0814582040', 0.00, 'ไม่จัดกลุ่ม', 'COMMITTEE', NULL, NULL, 0, 0, 1, NULL, 'fsciwwd@ku.ac.th', NULL),
(67, 'U_918', '002818', 918, 'สรัญญา โชติพัฒน์', 'กรรมการ', 'คณะกรรมการ', '0891285234', 0.00, 'ไม่จัดกลุ่ม', 'COMMITTEE', NULL, NULL, 0, 0, 1, NULL, 'sara-9101@windowslive.com', NULL),
(68, 'U_919', '004393', 919, 'สหัส ภัทรฐิตินันท์', 'กรรมการ', 'คณะกรรมการ', '0896745443', 0.00, 'ไม่จัดกลุ่ม', 'COMMITTEE', NULL, NULL, 0, 0, 1, NULL, 'regshp@ku.ac.th', NULL),
(69, 'U_920', '007607', 920, 'สุวาพร ชื่นอารมณ์', 'กรรมการ', 'คณะกรรมการ', '0817011685', 0.00, 'ไม่จัดกลุ่ม', 'COMMITTEE', NULL, NULL, 0, 0, 1, NULL, 'suwaporn977@gmail.com', NULL);

--
-- Indexes for dumped tables
--

--
-- Indexes for table `comments`
--
ALTER TABLE `comments`
  ADD PRIMARY KEY (`id`),
  ADD UNIQUE KEY `uniq_comment` (`evaluator_internal_id`,`target_internal_id`);

--
-- Indexes for table `criteria`
--
ALTER TABLE `criteria`
  ADD PRIMARY KEY (`id`);

--
-- Indexes for table `evaluations`
--
ALTER TABLE `evaluations`
  ADD PRIMARY KEY (`id`),
  ADD UNIQUE KEY `uniq_score` (`evaluator_internal_id`,`target_internal_id`,`criteria_id`);

--
-- Indexes for table `exclusions`
--
ALTER TABLE `exclusions`
  ADD PRIMARY KEY (`id`);

--
-- Indexes for table `logs`
--
ALTER TABLE `logs`
  ADD PRIMARY KEY (`id`);

--
-- Indexes for table `system_config`
--
ALTER TABLE `system_config`
  ADD PRIMARY KEY (`key`);

--
-- Indexes for table `users`
--
ALTER TABLE `users`
  ADD PRIMARY KEY (`id`),
  ADD UNIQUE KEY `uniq_internal_id` (`internal_id`),
  ADD KEY `idx_parent` (`parent_internal_id`),
  ADD KEY `idx_org_id` (`org_id`);

--
-- AUTO_INCREMENT for dumped tables
--

--
-- AUTO_INCREMENT for table `comments`
--
ALTER TABLE `comments`
  MODIFY `id` int(11) NOT NULL AUTO_INCREMENT, AUTO_INCREMENT=175;

--
-- AUTO_INCREMENT for table `evaluations`
--
ALTER TABLE `evaluations`
  MODIFY `id` int(11) NOT NULL AUTO_INCREMENT, AUTO_INCREMENT=499;

--
-- AUTO_INCREMENT for table `exclusions`
--
ALTER TABLE `exclusions`
  MODIFY `id` int(11) NOT NULL AUTO_INCREMENT, AUTO_INCREMENT=14;

--
-- AUTO_INCREMENT for table `logs`
--
ALTER TABLE `logs`
  MODIFY `id` int(11) NOT NULL AUTO_INCREMENT;

--
-- AUTO_INCREMENT for table `users`
--
ALTER TABLE `users`
  MODIFY `id` int(11) NOT NULL AUTO_INCREMENT, AUTO_INCREMENT=79;
COMMIT;

/*!40101 SET CHARACTER_SET_CLIENT=@OLD_CHARACTER_SET_CLIENT */;
/*!40101 SET CHARACTER_SET_RESULTS=@OLD_CHARACTER_SET_RESULTS */;
/*!40101 SET COLLATION_CONNECTION=@OLD_COLLATION_CONNECTION */;
